{"cameraMode":{"drawMode":0,"name":"Shaded","section":"Shading Mode"},"sceneLighting":true,"audioPlay":false,"sceneViewState":{"showFog":true,"showMaterialUpdate":false,"showSkybox":true,"showFlares":true,"showImageEffects":true,"showParticleSystems":true},"in2DMode":false,"pivot":{"x":910.986328125,"y":319.79290771484377,"z":637.74365234375},"rotation":{"x":0.11074932664632797,"y":0.02027152292430401,"z":-0.0022593250032514335,"w":0.9936407208442688},"size":545.8017578125,"orthographic":false}